attachment_number,case_number,filename,category,evidence_status,uploaded_at,storage_path,notes
TEST-ATT-2026-0001,TEST-CASE-2026-0001,synthetic_proof_of_delivery_test_case_2026_0001.pdf,proof_of_delivery,present,2026-01-09T11:00:00Z,synthetic://attachments/TEST-ATT-2026-0001,SYNTHETIC TEST DATA — placeholder attachment metadata for case TEST-CASE-2026-0001; no binary file or real image exists.
TEST-ATT-2026-0002,TEST-CASE-2026-0001,test_shipping_label_photo_test_case_2026_0001.jpg,shipping_label_photo,present,2026-01-09T14:00:00Z,synthetic://attachments/TEST-ATT-2026-0002,SYNTHETIC TEST DATA — placeholder attachment metadata for case TEST-CASE-2026-0001; no binary file or real image exists.
TEST-ATT-2026-0003,TEST-CASE-2026-0002,synthetic_damaged_item_photo_test_case_2026_0002.jpg,damaged_item_photo,present,2026-01-18T12:00:00Z,synthetic://attachments/TEST-ATT-2026-0003,SYNTHETIC TEST DATA — placeholder attachment metadata for case TEST-CASE-2026-0002; no binary file or real image exists.
TEST-ATT-2026-0004,TEST-CASE-2026-0003,test_proof_of_delivery_test_case_2026_0003.pdf,proof_of_delivery,present,2026-01-25T13:00:00Z,synthetic://attachments/TEST-ATT-2026-0004,SYNTHETIC TEST DATA — placeholder attachment metadata for case TEST-CASE-2026-0003; no binary file or real image exists.
TEST-ATT-2026-0005,TEST-CASE-2026-0003,synthetic_shipping_label_photo_test_case_2026_0003.jpg,shipping_label_photo,missing,2026-01-25T16:00:00Z,synthetic://attachments/TEST-ATT-2026-0005,SYNTHETIC TEST DATA — placeholder attachment metadata for case TEST-CASE-2026-0003; no binary file or real image exists.
TEST-ATT-2026-0006,TEST-CASE-2026-0004,test_damaged_item_photo_test_case_2026_0004.jpg,damaged_item_photo,present,2026-02-17T14:00:00Z,synthetic://attachments/TEST-ATT-2026-0006,SYNTHETIC TEST DATA — placeholder attachment metadata for case TEST-CASE-2026-0004; no binary file or real image exists.
TEST-ATT-2026-0007,TEST-CASE-2026-0005,synthetic_invoice_test_case_2026_0005.pdf,invoice,present,2026-02-21T15:00:00Z,synthetic://attachments/TEST-ATT-2026-0007,SYNTHETIC TEST DATA — placeholder attachment metadata for case TEST-CASE-2026-0005; no binary file or real image exists.
TEST-ATT-2026-0008,TEST-CASE-2026-0005,test_proof_of_delivery_test_case_2026_0005.pdf,proof_of_delivery,present,2026-02-21T18:00:00Z,synthetic://attachments/TEST-ATT-2026-0008,SYNTHETIC TEST DATA — placeholder attachment metadata for case TEST-CASE-2026-0005; no binary file or real image exists.
TEST-ATT-2026-0009,TEST-CASE-2026-0006,synthetic_invoice_test_case_2026_0006.pdf,invoice,present,2026-02-27T10:00:00Z,synthetic://attachments/TEST-ATT-2026-0009,SYNTHETIC TEST DATA — placeholder attachment metadata for case TEST-CASE-2026-0006; no binary file or real image exists.
TEST-ATT-2026-0010,TEST-CASE-2026-0007,test_invoice_test_case_2026_0007.pdf,invoice,present,2026-03-14T11:00:00Z,synthetic://attachments/TEST-ATT-2026-0010,SYNTHETIC TEST DATA — placeholder attachment metadata for case TEST-CASE-2026-0007; no binary file or real image exists.
TEST-ATT-2026-0011,TEST-CASE-2026-0007,synthetic_proof_of_delivery_test_case_2026_0007.pdf,proof_of_delivery,present,2026-03-14T14:00:00Z,synthetic://attachments/TEST-ATT-2026-0011,SYNTHETIC TEST DATA — placeholder attachment metadata for case TEST-CASE-2026-0007; no binary file or real image exists.
TEST-ATT-2026-0012,TEST-CASE-2026-0008,test_damaged_item_photo_test_case_2026_0008.jpg,damaged_item_photo,present,2026-03-16T12:00:00Z,synthetic://attachments/TEST-ATT-2026-0012,SYNTHETIC TEST DATA — placeholder attachment metadata for case TEST-CASE-2026-0008; no binary file or real image exists.
TEST-ATT-2026-0013,TEST-CASE-2026-0009,synthetic_damaged_item_photo_test_case_2026_0009.jpg,damaged_item_photo,present,2026-03-25T13:00:00Z,synthetic://attachments/TEST-ATT-2026-0013,SYNTHETIC TEST DATA — placeholder attachment metadata for case TEST-CASE-2026-0009; no binary file or real image exists.
TEST-ATT-2026-0014,TEST-CASE-2026-0009,test_invoice_test_case_2026_0009.pdf,invoice,present,2026-03-25T16:00:00Z,synthetic://attachments/TEST-ATT-2026-0014,SYNTHETIC TEST DATA — placeholder attachment metadata for case TEST-CASE-2026-0009; no binary file or real image exists.
TEST-ATT-2026-0015,TEST-CASE-2026-0010,synthetic_proof_of_delivery_test_case_2026_0010.pdf,proof_of_delivery,missing,2026-03-29T14:00:00Z,synthetic://attachments/TEST-ATT-2026-0015,SYNTHETIC TEST DATA — placeholder attachment metadata for case TEST-CASE-2026-0010; no binary file or real image exists.
TEST-ATT-2026-0016,TEST-CASE-2026-0011,test_invoice_test_case_2026_0011.pdf,invoice,present,2026-04-18T15:00:00Z,synthetic://attachments/TEST-ATT-2026-0016,SYNTHETIC TEST DATA — placeholder attachment metadata for case TEST-CASE-2026-0011; no binary file or real image exists.
TEST-ATT-2026-0017,TEST-CASE-2026-0011,synthetic_proof_of_delivery_test_case_2026_0011.pdf,proof_of_delivery,present,2026-04-18T18:00:00Z,synthetic://attachments/TEST-ATT-2026-0017,SYNTHETIC TEST DATA — placeholder attachment metadata for case TEST-CASE-2026-0011; no binary file or real image exists.
TEST-ATT-2026-0018,TEST-CASE-2026-0012,test_invoice_test_case_2026_0012.pdf,invoice,present,2026-04-22T10:00:00Z,synthetic://attachments/TEST-ATT-2026-0018,SYNTHETIC TEST DATA — placeholder attachment metadata for case TEST-CASE-2026-0012; no binary file or real image exists.
TEST-ATT-2026-0019,TEST-CASE-2026-0013,synthetic_damaged_item_photo_test_case_2026_0013.jpg,damaged_item_photo,present,2026-04-24T11:00:00Z,synthetic://attachments/TEST-ATT-2026-0019,SYNTHETIC TEST DATA — placeholder attachment metadata for case TEST-CASE-2026-0013; no binary file or real image exists.
TEST-ATT-2026-0020,TEST-CASE-2026-0013,test_outer_carton_photo_test_case_2026_0013.jpg,outer_carton_photo,missing,2026-04-24T14:00:00Z,synthetic://attachments/TEST-ATT-2026-0020,SYNTHETIC TEST DATA — placeholder attachment metadata for case TEST-CASE-2026-0013; no binary file or real image exists.
TEST-ATT-2026-0021,TEST-CASE-2026-0014,synthetic_proof_of_delivery_test_case_2026_0014.pdf,proof_of_delivery,present,2026-04-24T12:00:00Z,synthetic://attachments/TEST-ATT-2026-0021,SYNTHETIC TEST DATA — placeholder attachment metadata for case TEST-CASE-2026-0014; no binary file or real image exists.
TEST-ATT-2026-0022,TEST-CASE-2026-0015,test_invoice_test_case_2026_0015.pdf,invoice,present,2026-05-06T13:00:00Z,synthetic://attachments/TEST-ATT-2026-0022,SYNTHETIC TEST DATA — placeholder attachment metadata for case TEST-CASE-2026-0015; no binary file or real image exists.
TEST-ATT-2026-0023,TEST-CASE-2026-0015,synthetic_proof_of_delivery_test_case_2026_0015.pdf,proof_of_delivery,present,2026-05-06T16:00:00Z,synthetic://attachments/TEST-ATT-2026-0023,SYNTHETIC TEST DATA — placeholder attachment metadata for case TEST-CASE-2026-0015; no binary file or real image exists.
TEST-ATT-2026-0024,TEST-CASE-2026-0016,test_damaged_item_photo_test_case_2026_0016.jpg,damaged_item_photo,present,2026-05-05T14:00:00Z,synthetic://attachments/TEST-ATT-2026-0024,SYNTHETIC TEST DATA — placeholder attachment metadata for case TEST-CASE-2026-0016; no binary file or real image exists.
TEST-ATT-2026-0025,TEST-CASE-2026-0017,synthetic_proof_of_delivery_test_case_2026_0017.pdf,proof_of_delivery,missing,2026-05-13T15:00:00Z,synthetic://attachments/TEST-ATT-2026-0025,SYNTHETIC TEST DATA — placeholder attachment metadata for case TEST-CASE-2026-0017; no binary file or real image exists.
TEST-ATT-2026-0026,TEST-CASE-2026-0017,test_shipping_label_photo_test_case_2026_0017.jpg,shipping_label_photo,present,2026-05-13T18:00:00Z,synthetic://attachments/TEST-ATT-2026-0026,SYNTHETIC TEST DATA — placeholder attachment metadata for case TEST-CASE-2026-0017; no binary file or real image exists.
TEST-ATT-2026-0027,TEST-CASE-2026-0018,synthetic_damaged_item_photo_test_case_2026_0018.jpg,damaged_item_photo,present,2026-05-17T10:00:00Z,synthetic://attachments/TEST-ATT-2026-0027,SYNTHETIC TEST DATA — placeholder attachment metadata for case TEST-CASE-2026-0018; no binary file or real image exists.
TEST-ATT-2026-0028,TEST-CASE-2026-0019,test_invoice_test_case_2026_0019.pdf,invoice,present,2026-06-02T11:00:00Z,synthetic://attachments/TEST-ATT-2026-0028,SYNTHETIC TEST DATA — placeholder attachment metadata for case TEST-CASE-2026-0019; no binary file or real image exists.
TEST-ATT-2026-0029,TEST-CASE-2026-0019,synthetic_proof_of_delivery_test_case_2026_0019.pdf,proof_of_delivery,present,2026-06-02T14:00:00Z,synthetic://attachments/TEST-ATT-2026-0029,SYNTHETIC TEST DATA — placeholder attachment metadata for case TEST-CASE-2026-0019; no binary file or real image exists.
TEST-ATT-2026-0030,TEST-CASE-2026-0020,test_proof_of_delivery_test_case_2026_0020.pdf,proof_of_delivery,missing,2026-06-06T12:00:00Z,synthetic://attachments/TEST-ATT-2026-0030,SYNTHETIC TEST DATA — placeholder attachment metadata for case TEST-CASE-2026-0020; no binary file or real image exists.
TEST-ATT-2026-0031,TEST-CASE-2026-0021,synthetic_damaged_item_photo_test_case_2026_0021.jpg,damaged_item_photo,present,2026-06-13T13:00:00Z,synthetic://attachments/TEST-ATT-2026-0031,SYNTHETIC TEST DATA — placeholder attachment metadata for case TEST-CASE-2026-0021; no binary file or real image exists.
TEST-ATT-2026-0032,TEST-CASE-2026-0021,test_invoice_test_case_2026_0021.pdf,invoice,present,2026-06-13T16:00:00Z,synthetic://attachments/TEST-ATT-2026-0032,SYNTHETIC TEST DATA — placeholder attachment metadata for case TEST-CASE-2026-0021; no binary file or real image exists.
TEST-ATT-2026-0033,TEST-CASE-2026-0022,synthetic_proof_of_delivery_test_case_2026_0022.pdf,proof_of_delivery,present,2026-06-27T14:00:00Z,synthetic://attachments/TEST-ATT-2026-0033,SYNTHETIC TEST DATA — placeholder attachment metadata for case TEST-CASE-2026-0022; no binary file or real image exists.
TEST-ATT-2026-0034,TEST-CASE-2026-0023,test_proof_of_delivery_test_case_2026_0023.pdf,proof_of_delivery,present,2026-07-06T15:00:00Z,synthetic://attachments/TEST-ATT-2026-0034,SYNTHETIC TEST DATA — placeholder attachment metadata for case TEST-CASE-2026-0023; no binary file or real image exists.
TEST-ATT-2026-0035,TEST-CASE-2026-0023,synthetic_shipping_label_photo_test_case_2026_0023.jpg,shipping_label_photo,missing,2026-07-06T18:00:00Z,synthetic://attachments/TEST-ATT-2026-0035,SYNTHETIC TEST DATA — placeholder attachment metadata for case TEST-CASE-2026-0023; no binary file or real image exists.
TEST-ATT-2026-0036,TEST-CASE-2026-0024,test_invoice_test_case_2026_0024.pdf,invoice,present,2026-07-10T10:00:00Z,synthetic://attachments/TEST-ATT-2026-0036,SYNTHETIC TEST DATA — placeholder attachment metadata for case TEST-CASE-2026-0024; no binary file or real image exists.
TEST-ATT-2026-0037,TEST-CASE-2026-0025,synthetic_damaged_item_photo_test_case_2026_0025.jpg,damaged_item_photo,present,2026-07-12T11:00:00Z,synthetic://attachments/TEST-ATT-2026-0037,SYNTHETIC TEST DATA — placeholder attachment metadata for case TEST-CASE-2026-0025; no binary file or real image exists.
TEST-ATT-2026-0038,TEST-CASE-2026-0025,test_invoice_test_case_2026_0025.pdf,invoice,present,2026-07-12T14:00:00Z,synthetic://attachments/TEST-ATT-2026-0038,SYNTHETIC TEST DATA — placeholder attachment metadata for case TEST-CASE-2026-0025; no binary file or real image exists.
TEST-ATT-2026-0039,TEST-CASE-2026-0026,synthetic_proof_of_delivery_test_case_2026_0026.pdf,proof_of_delivery,present,2026-07-12T12:00:00Z,synthetic://attachments/TEST-ATT-2026-0039,SYNTHETIC TEST DATA — placeholder attachment metadata for case TEST-CASE-2026-0026; no binary file or real image exists.
TEST-ATT-2026-0040,TEST-CASE-2026-0027,test_damaged_item_photo_test_case_2026_0027.jpg,damaged_item_photo,missing,2026-07-24T13:00:00Z,synthetic://attachments/TEST-ATT-2026-0040,SYNTHETIC TEST DATA — placeholder attachment metadata for case TEST-CASE-2026-0027; no binary file or real image exists.
TEST-ATT-2026-0041,TEST-CASE-2026-0027,synthetic_outer_carton_photo_test_case_2026_0027.jpg,outer_carton_photo,present,2026-07-24T16:00:00Z,synthetic://attachments/TEST-ATT-2026-0041,SYNTHETIC TEST DATA — placeholder attachment metadata for case TEST-CASE-2026-0027; no binary file or real image exists.
TEST-ATT-2026-0042,TEST-CASE-2026-0028,test_proof_of_delivery_test_case_2026_0028.pdf,proof_of_delivery,present,2026-07-21T14:00:00Z,synthetic://attachments/TEST-ATT-2026-0042,SYNTHETIC TEST DATA — placeholder attachment metadata for case TEST-CASE-2026-0028; no binary file or real image exists.
