case_number,created_at,order_number,shipment_number,customer_name,customer_email,case_type,priority,status,complaint_text,source,notes
TEST-CASE-2026-0001,2026-01-09T10:00:00Z,TEST-ORD-2026-0001,TEST-SHP-2026-0001,Milan Hraško,milan.hrasko@example.com,missing_item,urgent,escalated,SYNTHETIC TEST DATA — Customer reports the item was never received / shipment shows no confirmed delivery (test case TEST-CASE-2026-0001).,manual,SYNTHETIC TEST DATA — internal test note for case TEST-CASE-2026-0001; no real customer interaction occurred.
TEST-CASE-2026-0002,2026-01-18T11:00:00Z,TEST-ORD-2026-0002,TEST-SHP-2026-0002,Zuzana Bieliková,zuzana.bielikova@example.com,damaged_delivery,low,resolved,SYNTHETIC TEST DATA — Customer reports the item arrived damaged / broken on delivery (test case TEST-CASE-2026-0002).,manual,SYNTHETIC TEST DATA — internal test note for case TEST-CASE-2026-0002; no real customer interaction occurred.
TEST-CASE-2026-0003,2026-01-25T12:00:00Z,TEST-ORD-2026-0005,TEST-SHP-2026-0005,Ján Machaj,jan.machaj@example.com,missing_item,medium,in_review,SYNTHETIC TEST DATA — Customer reports the item was never received / shipment shows no confirmed delivery (test case TEST-CASE-2026-0003).,manual,SYNTHETIC TEST DATA — internal test note for case TEST-CASE-2026-0003; no real customer interaction occurred.
TEST-CASE-2026-0004,2026-02-17T13:00:00Z,TEST-ORD-2026-0011,TEST-SHP-2026-0011,Dušan Kýška,dusan.kyska@example.com,damaged_delivery,medium,awaiting_approval,SYNTHETIC TEST DATA — Customer reports the item arrived damaged / broken on delivery (test case TEST-CASE-2026-0004).,manual,SYNTHETIC TEST DATA — internal test note for case TEST-CASE-2026-0004; no real customer interaction occurred.
TEST-CASE-2026-0005,2026-02-21T14:00:00Z,TEST-ORD-2026-0013,TEST-SHP-2026-0013,Roman Feješ,roman.fejes@example.com,return_request,medium,closed,SYNTHETIC TEST DATA — Customer reports the customer requests to return the delivered item (test case TEST-CASE-2026-0005).,manual,SYNTHETIC TEST DATA — internal test note for case TEST-CASE-2026-0005; no real customer interaction occurred.
TEST-CASE-2026-0006,2026-02-27T09:00:00Z,TEST-ORD-2026-0015,TEST-SHP-2026-0015,Adam Krchňavý,adam.krchnavy@example.com,return_request,low,resolved,SYNTHETIC TEST DATA — Customer reports the customer requests to return the delivered item (test case TEST-CASE-2026-0006).,manual,SYNTHETIC TEST DATA — internal test note for case TEST-CASE-2026-0006; no real customer interaction occurred.
TEST-CASE-2026-0007,2026-03-14T10:00:00Z,TEST-ORD-2026-0019,TEST-SHP-2026-0019,Ondrej Slezák,ondrej.slezak@example.com,return_request,medium,in_review,SYNTHETIC TEST DATA — Customer reports the customer requests to return the delivered item (test case TEST-CASE-2026-0007).,manual,SYNTHETIC TEST DATA — internal test note for case TEST-CASE-2026-0007; no real customer interaction occurred.
TEST-CASE-2026-0008,2026-03-16T11:00:00Z,TEST-ORD-2026-0020,TEST-SHP-2026-0020,Diana Repáková,diana.repakova@example.com,damaged_delivery,medium,resolved,SYNTHETIC TEST DATA — Customer reports the item arrived damaged / broken on delivery (test case TEST-CASE-2026-0008).,manual,SYNTHETIC TEST DATA — internal test note for case TEST-CASE-2026-0008; no real customer interaction occurred.
TEST-CASE-2026-0009,2026-03-25T12:00:00Z,TEST-ORD-2026-0024,TEST-SHP-2026-0024,Alžbeta Vachová,alzbeta.vachova@example.com,wrong_item,medium,awaiting_approval,SYNTHETIC TEST DATA — Customer reports the customer received a different item than what was ordered (test case TEST-CASE-2026-0009).,manual,SYNTHETIC TEST DATA — internal test note for case TEST-CASE-2026-0009; no real customer interaction occurred.
TEST-CASE-2026-0010,2026-03-29T13:00:00Z,TEST-ORD-2026-0025,TEST-SHP-2026-0025,Jakub Ševčík,jakub.sevcik@example.com,missing_item,high,new,SYNTHETIC TEST DATA — Customer reports the item was never received / shipment shows no confirmed delivery (test case TEST-CASE-2026-0010).,manual,SYNTHETIC TEST DATA — internal test note for case TEST-CASE-2026-0010; no real customer interaction occurred.
TEST-CASE-2026-0011,2026-04-18T14:00:00Z,TEST-ORD-2026-0030,TEST-SHP-2026-0030,Silvia Krajčiová,silvia.krajciova@example.com,return_request,medium,new,SYNTHETIC TEST DATA — Customer reports the customer requests to return the delivered item (test case TEST-CASE-2026-0011).,manual,SYNTHETIC TEST DATA — internal test note for case TEST-CASE-2026-0011; no real customer interaction occurred.
TEST-CASE-2026-0012,2026-04-22T09:00:00Z,TEST-ORD-2026-0031,TEST-SHP-2026-0031,Milan Hraško,milan.hrasko@example.com,return_request,low,resolved,SYNTHETIC TEST DATA — Customer reports the customer requests to return the delivered item (test case TEST-CASE-2026-0012).,manual,SYNTHETIC TEST DATA — internal test note for case TEST-CASE-2026-0012; no real customer interaction occurred.
TEST-CASE-2026-0013,2026-04-24T10:00:00Z,TEST-ORD-2026-0032,TEST-SHP-2026-0032,Zuzana Bieliková,zuzana.bielikova@example.com,damaged_delivery,medium,resolved,SYNTHETIC TEST DATA — Customer reports the item arrived damaged / broken on delivery (test case TEST-CASE-2026-0013).,manual,SYNTHETIC TEST DATA — internal test note for case TEST-CASE-2026-0013; no real customer interaction occurred.
TEST-CASE-2026-0014,2026-04-24T11:00:00Z,TEST-ORD-2026-0033,TEST-SHP-2026-0033,Tomáš Lukačovič,tomas.lukacovic@example.com,missing_item,high,new,SYNTHETIC TEST DATA — Customer reports the item was never received / shipment shows no confirmed delivery (test case TEST-CASE-2026-0014).,manual,SYNTHETIC TEST DATA — internal test note for case TEST-CASE-2026-0014; no real customer interaction occurred.
TEST-CASE-2026-0015,2026-05-06T12:00:00Z,TEST-ORD-2026-0035,TEST-SHP-2026-0035,Ján Machaj,jan.machaj@example.com,return_request,medium,new,SYNTHETIC TEST DATA — Customer reports the customer requests to return the delivered item (test case TEST-CASE-2026-0015).,manual,SYNTHETIC TEST DATA — internal test note for case TEST-CASE-2026-0015; no real customer interaction occurred.
TEST-CASE-2026-0016,2026-05-05T13:00:00Z,TEST-ORD-2026-0036,TEST-SHP-2026-0036,Ivana Šoltésová,ivana.soltesova@example.com,damaged_delivery,low,awaiting_approval,SYNTHETIC TEST DATA — Customer reports the item arrived damaged / broken on delivery (test case TEST-CASE-2026-0016).,manual,SYNTHETIC TEST DATA — internal test note for case TEST-CASE-2026-0016; no real customer interaction occurred.
TEST-CASE-2026-0017,2026-05-13T14:00:00Z,TEST-ORD-2026-0038,TEST-SHP-2026-0038,Lucia Hanzelová,lucia.hanzelova@example.com,missing_item,high,closed,SYNTHETIC TEST DATA — Customer reports the item was never received / shipment shows no confirmed delivery (test case TEST-CASE-2026-0017).,manual,SYNTHETIC TEST DATA — internal test note for case TEST-CASE-2026-0017; no real customer interaction occurred.
TEST-CASE-2026-0018,2026-05-17T09:00:00Z,TEST-ORD-2026-0039,TEST-SHP-2026-0039,Peter Gonda,peter.gonda@example.com,wrong_item,medium,awaiting_approval,SYNTHETIC TEST DATA — Customer reports the customer received a different item than what was ordered (test case TEST-CASE-2026-0018).,manual,SYNTHETIC TEST DATA — internal test note for case TEST-CASE-2026-0018; no real customer interaction occurred.
TEST-CASE-2026-0019,2026-06-02T10:00:00Z,TEST-ORD-2026-0044,TEST-SHP-2026-0044,Veronika Ondrejková,veronika.ondrejkova@example.com,return_request,medium,escalated,SYNTHETIC TEST DATA — Customer reports the customer requests to return the delivered item (test case TEST-CASE-2026-0019).,manual,SYNTHETIC TEST DATA — internal test note for case TEST-CASE-2026-0019; no real customer interaction occurred.
TEST-CASE-2026-0020,2026-06-06T11:00:00Z,TEST-ORD-2026-0045,TEST-SHP-2026-0045,Adam Krchňavý,adam.krchnavy@example.com,missing_item,high,closed,SYNTHETIC TEST DATA — Customer reports the item was never received / shipment shows no confirmed delivery (test case TEST-CASE-2026-0020).,manual,SYNTHETIC TEST DATA — internal test note for case TEST-CASE-2026-0020; no real customer interaction occurred.
TEST-CASE-2026-0021,2026-06-13T12:00:00Z,TEST-ORD-2026-0048,TEST-SHP-2026-0048,Barbora Matiová,barbora.matiova@example.com,wrong_item,medium,resolved,SYNTHETIC TEST DATA — Customer reports the customer received a different item than what was ordered (test case TEST-CASE-2026-0021).,manual,SYNTHETIC TEST DATA — internal test note for case TEST-CASE-2026-0021; no real customer interaction occurred.
TEST-CASE-2026-0022,2026-06-27T13:00:00Z,TEST-ORD-2026-0051,TEST-SHP-2026-0051,Martin Ambróz,martin.ambroz@example.com,missing_item,high,in_review,SYNTHETIC TEST DATA — Customer reports the item was never received / shipment shows no confirmed delivery (test case TEST-CASE-2026-0022).,manual,SYNTHETIC TEST DATA — internal test note for case TEST-CASE-2026-0022; no real customer interaction occurred.
TEST-CASE-2026-0023,2026-07-06T14:00:00Z,TEST-ORD-2026-0054,TEST-SHP-2026-0054,Alžbeta Vachová,alzbeta.vachova@example.com,missing_item,high,escalated,SYNTHETIC TEST DATA — Customer reports the item was never received / shipment shows no confirmed delivery (test case TEST-CASE-2026-0023).,manual,SYNTHETIC TEST DATA — internal test note for case TEST-CASE-2026-0023; no real customer interaction occurred.
TEST-CASE-2026-0024,2026-07-10T09:00:00Z,TEST-ORD-2026-0055,TEST-SHP-2026-0055,Jakub Ševčík,jakub.sevcik@example.com,return_request,low,in_review,SYNTHETIC TEST DATA — Customer reports the customer requests to return the delivered item (test case TEST-CASE-2026-0024).,manual,SYNTHETIC TEST DATA — internal test note for case TEST-CASE-2026-0024; no real customer interaction occurred.
TEST-CASE-2026-0025,2026-07-12T10:00:00Z,TEST-ORD-2026-0056,TEST-SHP-2026-0056,Monika Palenčárová,monika.palencarova@example.com,wrong_item,medium,in_review,SYNTHETIC TEST DATA — Customer reports the customer received a different item than what was ordered (test case TEST-CASE-2026-0025).,manual,SYNTHETIC TEST DATA — internal test note for case TEST-CASE-2026-0025; no real customer interaction occurred.
TEST-CASE-2026-0026,2026-07-12T11:00:00Z,TEST-ORD-2026-0057,TEST-SHP-2026-0057,Stanislav Mrva,stanislav.mrva@example.com,missing_item,urgent,resolved,SYNTHETIC TEST DATA — Customer reports the item was never received / shipment shows no confirmed delivery (test case TEST-CASE-2026-0026).,manual,SYNTHETIC TEST DATA — internal test note for case TEST-CASE-2026-0026; no real customer interaction occurred.
TEST-CASE-2026-0027,2026-07-24T12:00:00Z,TEST-ORD-2026-0059,TEST-SHP-2026-0059,Vladimír Hatiar,vladimir.hatiar@example.com,damaged_delivery,medium,resolved,SYNTHETIC TEST DATA — Customer reports the item arrived damaged / broken on delivery (test case TEST-CASE-2026-0027).,manual,SYNTHETIC TEST DATA — internal test note for case TEST-CASE-2026-0027; no real customer interaction occurred.
TEST-CASE-2026-0028,2026-07-21T13:00:00Z,TEST-ORD-2026-0060,TEST-SHP-2026-0060,Silvia Krajčiová,silvia.krajciova@example.com,missing_item,high,awaiting_approval,SYNTHETIC TEST DATA — Customer reports the item was never received / shipment shows no confirmed delivery (test case TEST-CASE-2026-0028).,manual,SYNTHETIC TEST DATA — internal test note for case TEST-CASE-2026-0028; no real customer interaction occurred.
