approval_number,case_number,related_record_type,related_record_number,approval_type,status,requested_at,decided_at,decided_by,decision_notes
TEST-APR-2026-0001,TEST-CASE-2026-0001,resolution_proposal,TEST-RP-2026-0001,resolution_proposal,pending,2026-01-09T18:00:00Z,,,SYNTHETIC TEST DATA — approval request pending review for resolution_proposal TEST-RP-2026-0001 (case TEST-CASE-2026-0001).
TEST-APR-2026-0002,TEST-CASE-2026-0003,resolution_proposal,TEST-RP-2026-0003,resolution_proposal,pending,2026-01-25T20:00:00Z,,,SYNTHETIC TEST DATA — approval request pending review for resolution_proposal TEST-RP-2026-0003 (case TEST-CASE-2026-0003).
TEST-APR-2026-0003,TEST-CASE-2026-0005,resolution_proposal,TEST-RP-2026-0005,resolution_proposal,approved,2026-02-21T22:00:00Z,2026-02-22T03:00:00Z,Test Manager – Elena Rybárová,SYNTHETIC TEST DATA — resolution proposal approved in test scenario for case TEST-CASE-2026-0005.
TEST-APR-2026-0004,TEST-CASE-2026-0007,resolution_proposal,TEST-RP-2026-0007,resolution_proposal,pending,2026-03-14T18:00:00Z,,,SYNTHETIC TEST DATA — approval request pending review for resolution_proposal TEST-RP-2026-0007 (case TEST-CASE-2026-0007).
TEST-APR-2026-0005,TEST-CASE-2026-0008,recovery_draft,TEST-RD-2026-0005,recovery_draft,approved,2026-03-16T23:00:00Z,2026-03-17T04:00:00Z,Test Manager – Boris Turčan,SYNTHETIC TEST DATA — recovery draft approved in test scenario for case TEST-CASE-2026-0008.
TEST-APR-2026-0006,TEST-CASE-2026-0008,resolution_proposal,TEST-RP-2026-0008,resolution_proposal,approved,2026-03-16T19:00:00Z,2026-03-17T00:00:00Z,Test Manager – Jana Valentová,SYNTHETIC TEST DATA — resolution proposal approved in test scenario for case TEST-CASE-2026-0008.
TEST-APR-2026-0007,TEST-CASE-2026-0009,resolution_proposal,TEST-RP-2026-0009,resolution_proposal,approved,2026-03-25T20:00:00Z,2026-03-26T01:00:00Z,Test Manager – Jana Valentová,SYNTHETIC TEST DATA — resolution proposal approved in test scenario for case TEST-CASE-2026-0009.
TEST-APR-2026-0008,TEST-CASE-2026-0011,resolution_proposal,TEST-RP-2026-0011,resolution_proposal,rejected,2026-04-18T22:00:00Z,2026-04-19T03:00:00Z,Test Manager – Boris Turčan,SYNTHETIC TEST DATA — resolution proposal rejected in test scenario for case TEST-CASE-2026-0011.
TEST-APR-2026-0009,TEST-CASE-2026-0012,resolution_proposal,TEST-RP-2026-0012,resolution_proposal,approved,2026-04-22T17:00:00Z,2026-04-22T22:00:00Z,Test Manager – Jana Valentová,SYNTHETIC TEST DATA — resolution proposal approved in test scenario for case TEST-CASE-2026-0012.
TEST-APR-2026-0010,TEST-CASE-2026-0015,resolution_proposal,TEST-RP-2026-0015,resolution_proposal,pending,2026-05-06T20:00:00Z,,,SYNTHETIC TEST DATA — approval request pending review for resolution_proposal TEST-RP-2026-0015 (case TEST-CASE-2026-0015).
TEST-APR-2026-0011,TEST-CASE-2026-0016,resolution_proposal,TEST-RP-2026-0016,resolution_proposal,approved,2026-05-05T21:00:00Z,2026-05-06T02:00:00Z,Test Manager – Jana Valentová,SYNTHETIC TEST DATA — resolution proposal approved in test scenario for case TEST-CASE-2026-0016.
TEST-APR-2026-0012,TEST-CASE-2026-0016,recovery_draft,TEST-RD-2026-0009,recovery_draft,approved,2026-05-06T01:00:00Z,2026-05-06T06:00:00Z,Test Manager – Jana Valentová,SYNTHETIC TEST DATA — recovery draft approved in test scenario for case TEST-CASE-2026-0016.
TEST-APR-2026-0013,TEST-CASE-2026-0018,resolution_proposal,TEST-RP-2026-0018,resolution_proposal,pending,2026-05-17T17:00:00Z,,,SYNTHETIC TEST DATA — approval request pending review for resolution_proposal TEST-RP-2026-0018 (case TEST-CASE-2026-0018).
TEST-APR-2026-0014,TEST-CASE-2026-0020,recovery_draft,TEST-RD-2026-0012,recovery_draft,approved,2026-06-06T23:00:00Z,2026-06-07T04:00:00Z,Test Manager – Elena Rybárová,SYNTHETIC TEST DATA — recovery draft approved in test scenario for case TEST-CASE-2026-0020.
TEST-APR-2026-0015,TEST-CASE-2026-0020,resolution_proposal,TEST-RP-2026-0020,resolution_proposal,rejected,2026-06-06T19:00:00Z,2026-06-07T00:00:00Z,Test Manager – Jana Valentová,SYNTHETIC TEST DATA — resolution proposal rejected in test scenario for case TEST-CASE-2026-0020.
TEST-APR-2026-0016,TEST-CASE-2026-0021,recovery_draft,TEST-RD-2026-0013,recovery_draft,approved,2026-06-14T00:00:00Z,2026-06-14T05:00:00Z,Test Manager – Jana Valentová,SYNTHETIC TEST DATA — recovery draft approved in test scenario for case TEST-CASE-2026-0021.
TEST-APR-2026-0017,TEST-CASE-2026-0022,recovery_draft,TEST-RD-2026-0014,recovery_draft,pending,2026-06-28T01:00:00Z,,,SYNTHETIC TEST DATA — approval request pending review for recovery_draft TEST-RD-2026-0014 (case TEST-CASE-2026-0022).
TEST-APR-2026-0018,TEST-CASE-2026-0022,resolution_proposal,TEST-RP-2026-0022,resolution_proposal,pending,2026-06-27T21:00:00Z,,,SYNTHETIC TEST DATA — approval request pending review for resolution_proposal TEST-RP-2026-0022 (case TEST-CASE-2026-0022).
TEST-APR-2026-0019,TEST-CASE-2026-0023,resolution_proposal,TEST-RP-2026-0023,resolution_proposal,approved,2026-07-06T22:00:00Z,2026-07-07T03:00:00Z,Test Manager – Boris Turčan,SYNTHETIC TEST DATA — resolution proposal approved in test scenario for case TEST-CASE-2026-0023.
TEST-APR-2026-0020,TEST-CASE-2026-0024,resolution_proposal,TEST-RP-2026-0024,resolution_proposal,approved,2026-07-10T17:00:00Z,2026-07-10T22:00:00Z,Test Manager – Jana Valentová,SYNTHETIC TEST DATA — resolution proposal approved in test scenario for case TEST-CASE-2026-0024.
TEST-APR-2026-0021,TEST-CASE-2026-0025,resolution_proposal,TEST-RP-2026-0025,resolution_proposal,approved,2026-07-12T18:00:00Z,2026-07-12T23:00:00Z,Test Manager – Elena Rybárová,SYNTHETIC TEST DATA — resolution proposal approved in test scenario for case TEST-CASE-2026-0025.
TEST-APR-2026-0022,TEST-CASE-2026-0026,resolution_proposal,TEST-RP-2026-0026,resolution_proposal,rejected,2026-07-12T19:00:00Z,2026-07-13T00:00:00Z,Test Manager – Elena Rybárová,SYNTHETIC TEST DATA — resolution proposal rejected in test scenario for case TEST-CASE-2026-0026.
TEST-APR-2026-0023,TEST-CASE-2026-0027,recovery_draft,TEST-RD-2026-0017,recovery_draft,rejected,2026-07-25T00:00:00Z,2026-07-25T05:00:00Z,Test Manager – Boris Turčan,SYNTHETIC TEST DATA — recovery draft rejected in test scenario for case TEST-CASE-2026-0027.
TEST-APR-2026-0024,TEST-CASE-2026-0027,resolution_proposal,TEST-RP-2026-0027,resolution_proposal,pending,2026-07-24T20:00:00Z,,,SYNTHETIC TEST DATA — approval request pending review for resolution_proposal TEST-RP-2026-0027 (case TEST-CASE-2026-0027).
