insight_number,dimension_type,dimension_value,period_start,period_end,complaint_count,estimated_recoverable_value,trend_direction,narrative,generated_at
TEST-INS-2026-0001,sku,SKU-1001,2026-01-09,2026-07-24,2,0.00,flat,"SYNTHETIC TEST DATA — 2 test complaint(s) recorded for SKU SKU-1001 between 2026-01-09 and 2026-07-24, with 0.00 EUR in synthetic estimated recoverable value.",2026-07-25T23:00:00Z
TEST-INS-2026-0002,sku,SKU-1002,2026-01-09,2026-07-24,2,29.50,flat,"SYNTHETIC TEST DATA — 2 test complaint(s) recorded for SKU SKU-1002 between 2026-01-09 and 2026-07-24, with 29.50 EUR in synthetic estimated recoverable value.",2026-07-25T23:00:00Z
TEST-INS-2026-0003,sku,SKU-1003,2026-01-09,2026-07-24,2,162.00,flat,"SYNTHETIC TEST DATA — 2 test complaint(s) recorded for SKU SKU-1003 between 2026-01-09 and 2026-07-24, with 162.00 EUR in synthetic estimated recoverable value.",2026-07-25T23:00:00Z
TEST-INS-2026-0004,sku,SKU-1004,2026-01-09,2026-07-24,1,0.00,insufficient_data,"SYNTHETIC TEST DATA — 1 test complaint(s) recorded for SKU SKU-1004 between 2026-01-09 and 2026-07-24, with 0.00 EUR in synthetic estimated recoverable value.",2026-07-25T23:00:00Z
TEST-INS-2026-0005,sku,SKU-1005,2026-01-09,2026-07-24,3,24.00,up,"SYNTHETIC TEST DATA — 3 test complaint(s) recorded for SKU SKU-1005 between 2026-01-09 and 2026-07-24, with 24.00 EUR in synthetic estimated recoverable value.",2026-07-25T23:00:00Z
TEST-INS-2026-0006,sku,SKU-1006,2026-01-09,2026-07-24,2,322.50,flat,"SYNTHETIC TEST DATA — 2 test complaint(s) recorded for SKU SKU-1006 between 2026-01-09 and 2026-07-24, with 322.50 EUR in synthetic estimated recoverable value.",2026-07-25T23:00:00Z
TEST-INS-2026-0007,sku,SKU-1008,2026-01-09,2026-07-24,1,79.50,insufficient_data,"SYNTHETIC TEST DATA — 1 test complaint(s) recorded for SKU SKU-1008 between 2026-01-09 and 2026-07-24, with 79.50 EUR in synthetic estimated recoverable value.",2026-07-25T23:00:00Z
TEST-INS-2026-0008,sku,SKU-1009,2026-01-09,2026-07-24,3,74.70,up,"SYNTHETIC TEST DATA — 3 test complaint(s) recorded for SKU SKU-1009 between 2026-01-09 and 2026-07-24, with 74.70 EUR in synthetic estimated recoverable value.",2026-07-25T23:00:00Z
TEST-INS-2026-0009,sku,SKU-1010,2026-01-09,2026-07-24,2,0.00,flat,"SYNTHETIC TEST DATA — 2 test complaint(s) recorded for SKU SKU-1010 between 2026-01-09 and 2026-07-24, with 0.00 EUR in synthetic estimated recoverable value.",2026-07-25T23:00:00Z
TEST-INS-2026-0010,sku,SKU-1011,2026-01-09,2026-07-24,2,23.62,flat,"SYNTHETIC TEST DATA — 2 test complaint(s) recorded for SKU SKU-1011 between 2026-01-09 and 2026-07-24, with 23.62 EUR in synthetic estimated recoverable value.",2026-07-25T23:00:00Z
TEST-INS-2026-0011,sku,SKU-1012,2026-01-09,2026-07-24,1,33.00,insufficient_data,"SYNTHETIC TEST DATA — 1 test complaint(s) recorded for SKU SKU-1012 between 2026-01-09 and 2026-07-24, with 33.00 EUR in synthetic estimated recoverable value.",2026-07-25T23:00:00Z
TEST-INS-2026-0012,sku,SKU-1013,2026-01-09,2026-07-24,1,9.95,insufficient_data,"SYNTHETIC TEST DATA — 1 test complaint(s) recorded for SKU SKU-1013 between 2026-01-09 and 2026-07-24, with 9.95 EUR in synthetic estimated recoverable value.",2026-07-25T23:00:00Z
TEST-INS-2026-0013,sku,SKU-1014,2026-01-09,2026-07-24,2,26.17,flat,"SYNTHETIC TEST DATA — 2 test complaint(s) recorded for SKU SKU-1014 between 2026-01-09 and 2026-07-24, with 26.17 EUR in synthetic estimated recoverable value.",2026-07-25T23:00:00Z
TEST-INS-2026-0014,sku,SKU-1015,2026-01-09,2026-07-24,4,445.50,down,"SYNTHETIC TEST DATA — 4 test complaint(s) recorded for SKU SKU-1015 between 2026-01-09 and 2026-07-24, with 445.50 EUR in synthetic estimated recoverable value.",2026-07-25T23:00:00Z
TEST-INS-2026-0015,carrier,DPD,2026-01-09,2026-07-24,6,9.95,down,"SYNTHETIC TEST DATA — 6 test complaint(s) recorded for carrier DPD between 2026-01-09 and 2026-07-24, with 9.95 EUR in synthetic estimated recoverable value.",2026-07-25T23:00:00Z
TEST-INS-2026-0016,carrier,GLS,2026-01-09,2026-07-24,12,1037.70,down,"SYNTHETIC TEST DATA — 12 test complaint(s) recorded for carrier GLS between 2026-01-09 and 2026-07-24, with 1037.70 EUR in synthetic estimated recoverable value.",2026-07-25T23:00:00Z
TEST-INS-2026-0017,carrier,Packeta,2026-01-09,2026-07-24,10,182.79,down,"SYNTHETIC TEST DATA — 10 test complaint(s) recorded for carrier Packeta between 2026-01-09 and 2026-07-24, with 182.79 EUR in synthetic estimated recoverable value.",2026-07-25T23:00:00Z
