order_number,order_date,customer_name,customer_email,sku,product_name,quantity,unit_price,order_value,supplier,notes
TEST-ORD-2026-0001,2026-01-05,Milan Hraško,milan.hrasko@example.com,SKU-1001,Ceramic Coffee Grinder,1,39.90,39.90,Nordic Homeware Trading s.r.o.,SYNTHETIC TEST DATA — generated order record for Luo Claims Resolution & Recovery Hub testing (TEST-ORD-2026-0001).
TEST-ORD-2026-0002,2026-01-08,Zuzana Bieliková,zuzana.bielikova@example.com,SKU-1002,Wool Blend Throw Blanket,1,29.50,29.50,Carpathia Textiles Ltd.,SYNTHETIC TEST DATA — generated order record for Luo Claims Resolution & Recovery Hub testing (TEST-ORD-2026-0002).
TEST-ORD-2026-0003,2026-01-11,Tomáš Lukačovič,tomas.lukacovic@example.com,SKU-1003,Bluetooth Desk Speaker,2,54.00,108.00,BlueRiver Electronics a.s.,SYNTHETIC TEST DATA — generated order record for Luo Claims Resolution & Recovery Hub testing (TEST-ORD-2026-0003).
TEST-ORD-2026-0004,2026-01-14,Petra Vrábeľová,petra.vrabelova@example.com,SKU-1004,Stainless Steel Kettle,1,44.90,44.90,Panonia Kitchen Supplies s.r.o.,SYNTHETIC TEST DATA — generated order record for Luo Claims Resolution & Recovery Hub testing (TEST-ORD-2026-0004).
TEST-ORD-2026-0005,2026-01-18,Ján Machaj,jan.machaj@example.com,SKU-1005,Foldable Camping Chair,1,32.00,32.00,Tatra Outdoor Gear Ltd.,SYNTHETIC TEST DATA — generated order record for Luo Claims Resolution & Recovery Hub testing (TEST-ORD-2026-0005).
TEST-ORD-2026-0006,2026-01-21,Ivana Šoltésová,ivana.soltesova@example.com,SKU-1006,Oak Bookshelf Unit,2,129.00,258.00,Vistula Furniture Group,SYNTHETIC TEST DATA — generated order record for Luo Claims Resolution & Recovery Hub testing (TEST-ORD-2026-0006).
TEST-ORD-2026-0007,2026-01-24,Marek Podolák,marek.podolak@example.com,SKU-1007,Adjustable Dumbbell Set,1,89.00,89.00,Solaris Fitness Equipment s.r.o.,SYNTHETIC TEST DATA — generated order record for Luo Claims Resolution & Recovery Hub testing (TEST-ORD-2026-0007).
TEST-ORD-2026-0008,2026-01-28,Lucia Hanzelová,lucia.hanzelova@example.com,SKU-1008,Ergonomic Office Chair,1,159.00,159.00,Danube Office Systems a.s.,SYNTHETIC TEST DATA — generated order record for Luo Claims Resolution & Recovery Hub testing (TEST-ORD-2026-0008).
TEST-ORD-2026-0009,2026-01-31,Peter Gonda,peter.gonda@example.com,SKU-1009,Non-Stick Frying Pan,2,24.90,49.80,Nordic Homeware Trading s.r.o.,SYNTHETIC TEST DATA — generated order record for Luo Claims Resolution & Recovery Hub testing (TEST-ORD-2026-0009).
TEST-ORD-2026-0010,2026-02-03,Katarína Struhárová,katarina.struharova@example.com,SKU-1010,LED Desk Lamp,1,27.50,27.50,Carpathia Textiles Ltd.,SYNTHETIC TEST DATA — generated order record for Luo Claims Resolution & Recovery Hub testing (TEST-ORD-2026-0010).
TEST-ORD-2026-0011,2026-02-07,Dušan Kýška,dusan.kyska@example.com,SKU-1011,Insulated Travel Mug,1,18.90,18.90,BlueRiver Electronics a.s.,SYNTHETIC TEST DATA — generated order record for Luo Claims Resolution & Recovery Hub testing (TEST-ORD-2026-0011).
TEST-ORD-2026-0012,2026-02-10,Simona Baranová,simona.baranova@example.com,SKU-1012,Cotton Bath Towel Set,2,22.00,44.00,Panonia Kitchen Supplies s.r.o.,SYNTHETIC TEST DATA — generated order record for Luo Claims Resolution & Recovery Hub testing (TEST-ORD-2026-0012).
TEST-ORD-2026-0013,2026-02-13,Roman Feješ,roman.fejes@example.com,SKU-1013,Wireless Charging Pad,1,19.90,19.90,Tatra Outdoor Gear Ltd.,SYNTHETIC TEST DATA — generated order record for Luo Claims Resolution & Recovery Hub testing (TEST-ORD-2026-0013).
TEST-ORD-2026-0014,2026-02-16,Veronika Ondrejková,veronika.ondrejkova@example.com,SKU-1014,Cast Iron Skillet,1,34.90,34.90,Vistula Furniture Group,SYNTHETIC TEST DATA — generated order record for Luo Claims Resolution & Recovery Hub testing (TEST-ORD-2026-0014).
TEST-ORD-2026-0015,2026-02-20,Adam Krchňavý,adam.krchnavy@example.com,SKU-1015,Standing Desk Converter,2,99.00,198.00,Solaris Fitness Equipment s.r.o.,SYNTHETIC TEST DATA — generated order record for Luo Claims Resolution & Recovery Hub testing (TEST-ORD-2026-0015).
TEST-ORD-2026-0016,2026-02-23,Nikola Hujová,nikola.hujova@example.com,SKU-1001,Ceramic Coffee Grinder,1,39.90,39.90,Nordic Homeware Trading s.r.o.,SYNTHETIC TEST DATA — generated order record for Luo Claims Resolution & Recovery Hub testing (TEST-ORD-2026-0016).
TEST-ORD-2026-0017,2026-02-26,Filip Buranský,filip.buransky@example.com,SKU-1002,Wool Blend Throw Blanket,1,29.50,29.50,Carpathia Textiles Ltd.,SYNTHETIC TEST DATA — generated order record for Luo Claims Resolution & Recovery Hub testing (TEST-ORD-2026-0017).
TEST-ORD-2026-0018,2026-03-02,Barbora Matiová,barbora.matiova@example.com,SKU-1003,Bluetooth Desk Speaker,2,54.00,108.00,BlueRiver Electronics a.s.,SYNTHETIC TEST DATA — generated order record for Luo Claims Resolution & Recovery Hub testing (TEST-ORD-2026-0018).
TEST-ORD-2026-0019,2026-03-05,Ondrej Slezák,ondrej.slezak@example.com,SKU-1004,Stainless Steel Kettle,1,44.90,44.90,Panonia Kitchen Supplies s.r.o.,SYNTHETIC TEST DATA — generated order record for Luo Claims Resolution & Recovery Hub testing (TEST-ORD-2026-0019).
TEST-ORD-2026-0020,2026-03-08,Diana Repáková,diana.repakova@example.com,SKU-1005,Foldable Camping Chair,1,32.00,32.00,Tatra Outdoor Gear Ltd.,SYNTHETIC TEST DATA — generated order record for Luo Claims Resolution & Recovery Hub testing (TEST-ORD-2026-0020).
TEST-ORD-2026-0021,2026-03-12,Martin Ambróz,martin.ambroz@example.com,SKU-1006,Oak Bookshelf Unit,2,129.00,258.00,Vistula Furniture Group,SYNTHETIC TEST DATA — generated order record for Luo Claims Resolution & Recovery Hub testing (TEST-ORD-2026-0021).
TEST-ORD-2026-0022,2026-03-15,Eva Országhová,eva.orszaghova@example.com,SKU-1007,Adjustable Dumbbell Set,1,89.00,89.00,Solaris Fitness Equipment s.r.o.,SYNTHETIC TEST DATA — generated order record for Luo Claims Resolution & Recovery Hub testing (TEST-ORD-2026-0022).
TEST-ORD-2026-0023,2026-03-18,Rastislav Dobiš,rastislav.dobis@example.com,SKU-1008,Ergonomic Office Chair,1,159.00,159.00,Danube Office Systems a.s.,SYNTHETIC TEST DATA — generated order record for Luo Claims Resolution & Recovery Hub testing (TEST-ORD-2026-0023).
TEST-ORD-2026-0024,2026-03-21,Alžbeta Vachová,alzbeta.vachova@example.com,SKU-1009,Non-Stick Frying Pan,2,24.90,49.80,Nordic Homeware Trading s.r.o.,SYNTHETIC TEST DATA — generated order record for Luo Claims Resolution & Recovery Hub testing (TEST-ORD-2026-0024).
TEST-ORD-2026-0025,2026-03-25,Jakub Ševčík,jakub.sevcik@example.com,SKU-1010,LED Desk Lamp,1,27.50,27.50,Carpathia Textiles Ltd.,SYNTHETIC TEST DATA — generated order record for Luo Claims Resolution & Recovery Hub testing (TEST-ORD-2026-0025).
TEST-ORD-2026-0026,2026-03-28,Monika Palenčárová,monika.palencarova@example.com,SKU-1011,Insulated Travel Mug,1,18.90,18.90,BlueRiver Electronics a.s.,SYNTHETIC TEST DATA — generated order record for Luo Claims Resolution & Recovery Hub testing (TEST-ORD-2026-0026).
TEST-ORD-2026-0027,2026-03-31,Stanislav Mrva,stanislav.mrva@example.com,SKU-1012,Cotton Bath Towel Set,2,22.00,44.00,Panonia Kitchen Supplies s.r.o.,SYNTHETIC TEST DATA — generated order record for Luo Claims Resolution & Recovery Hub testing (TEST-ORD-2026-0027).
TEST-ORD-2026-0028,2026-04-04,Terézia Kubalová,terezia.kubalova@example.com,SKU-1013,Wireless Charging Pad,1,19.90,19.90,Tatra Outdoor Gear Ltd.,SYNTHETIC TEST DATA — generated order record for Luo Claims Resolution & Recovery Hub testing (TEST-ORD-2026-0028).
TEST-ORD-2026-0029,2026-04-07,Vladimír Hatiar,vladimir.hatiar@example.com,SKU-1014,Cast Iron Skillet,1,34.90,34.90,Vistula Furniture Group,SYNTHETIC TEST DATA — generated order record for Luo Claims Resolution & Recovery Hub testing (TEST-ORD-2026-0029).
TEST-ORD-2026-0030,2026-04-10,Silvia Krajčiová,silvia.krajciova@example.com,SKU-1015,Standing Desk Converter,2,99.00,198.00,Solaris Fitness Equipment s.r.o.,SYNTHETIC TEST DATA — generated order record for Luo Claims Resolution & Recovery Hub testing (TEST-ORD-2026-0030).
TEST-ORD-2026-0031,2026-04-14,Milan Hraško,milan.hrasko@example.com,SKU-1001,Ceramic Coffee Grinder,1,39.90,39.90,Nordic Homeware Trading s.r.o.,SYNTHETIC TEST DATA — generated order record for Luo Claims Resolution & Recovery Hub testing (TEST-ORD-2026-0031).
TEST-ORD-2026-0032,2026-04-17,Zuzana Bieliková,zuzana.bielikova@example.com,SKU-1002,Wool Blend Throw Blanket,1,29.50,29.50,Carpathia Textiles Ltd.,SYNTHETIC TEST DATA — generated order record for Luo Claims Resolution & Recovery Hub testing (TEST-ORD-2026-0032).
TEST-ORD-2026-0033,2026-04-20,Tomáš Lukačovič,tomas.lukacovic@example.com,SKU-1003,Bluetooth Desk Speaker,2,54.00,108.00,BlueRiver Electronics a.s.,SYNTHETIC TEST DATA — generated order record for Luo Claims Resolution & Recovery Hub testing (TEST-ORD-2026-0033).
TEST-ORD-2026-0034,2026-04-23,Petra Vrábeľová,petra.vrabelova@example.com,SKU-1004,Stainless Steel Kettle,1,44.90,44.90,Panonia Kitchen Supplies s.r.o.,SYNTHETIC TEST DATA — generated order record for Luo Claims Resolution & Recovery Hub testing (TEST-ORD-2026-0034).
TEST-ORD-2026-0035,2026-04-27,Ján Machaj,jan.machaj@example.com,SKU-1005,Foldable Camping Chair,1,32.00,32.00,Tatra Outdoor Gear Ltd.,SYNTHETIC TEST DATA — generated order record for Luo Claims Resolution & Recovery Hub testing (TEST-ORD-2026-0035).
TEST-ORD-2026-0036,2026-04-30,Ivana Šoltésová,ivana.soltesova@example.com,SKU-1006,Oak Bookshelf Unit,2,129.00,258.00,Vistula Furniture Group,SYNTHETIC TEST DATA — generated order record for Luo Claims Resolution & Recovery Hub testing (TEST-ORD-2026-0036).
TEST-ORD-2026-0037,2026-05-03,Marek Podolák,marek.podolak@example.com,SKU-1007,Adjustable Dumbbell Set,1,89.00,89.00,Solaris Fitness Equipment s.r.o.,SYNTHETIC TEST DATA — generated order record for Luo Claims Resolution & Recovery Hub testing (TEST-ORD-2026-0037).
TEST-ORD-2026-0038,2026-05-07,Lucia Hanzelová,lucia.hanzelova@example.com,SKU-1008,Ergonomic Office Chair,1,159.00,159.00,Danube Office Systems a.s.,SYNTHETIC TEST DATA — generated order record for Luo Claims Resolution & Recovery Hub testing (TEST-ORD-2026-0038).
TEST-ORD-2026-0039,2026-05-10,Peter Gonda,peter.gonda@example.com,SKU-1009,Non-Stick Frying Pan,2,24.90,49.80,Nordic Homeware Trading s.r.o.,SYNTHETIC TEST DATA — generated order record for Luo Claims Resolution & Recovery Hub testing (TEST-ORD-2026-0039).
TEST-ORD-2026-0040,2026-05-13,Katarína Struhárová,katarina.struharova@example.com,SKU-1010,LED Desk Lamp,1,27.50,27.50,Carpathia Textiles Ltd.,SYNTHETIC TEST DATA — generated order record for Luo Claims Resolution & Recovery Hub testing (TEST-ORD-2026-0040).
TEST-ORD-2026-0041,2026-05-17,Dušan Kýška,dusan.kyska@example.com,SKU-1011,Insulated Travel Mug,1,18.90,18.90,BlueRiver Electronics a.s.,SYNTHETIC TEST DATA — generated order record for Luo Claims Resolution & Recovery Hub testing (TEST-ORD-2026-0041).
TEST-ORD-2026-0042,2026-05-20,Simona Baranová,simona.baranova@example.com,SKU-1012,Cotton Bath Towel Set,2,22.00,44.00,Panonia Kitchen Supplies s.r.o.,SYNTHETIC TEST DATA — generated order record for Luo Claims Resolution & Recovery Hub testing (TEST-ORD-2026-0042).
TEST-ORD-2026-0043,2026-05-23,Roman Feješ,roman.fejes@example.com,SKU-1013,Wireless Charging Pad,1,19.90,19.90,Tatra Outdoor Gear Ltd.,SYNTHETIC TEST DATA — generated order record for Luo Claims Resolution & Recovery Hub testing (TEST-ORD-2026-0043).
TEST-ORD-2026-0044,2026-05-26,Veronika Ondrejková,veronika.ondrejkova@example.com,SKU-1014,Cast Iron Skillet,1,34.90,34.90,Vistula Furniture Group,SYNTHETIC TEST DATA — generated order record for Luo Claims Resolution & Recovery Hub testing (TEST-ORD-2026-0044).
TEST-ORD-2026-0045,2026-05-30,Adam Krchňavý,adam.krchnavy@example.com,SKU-1015,Standing Desk Converter,2,99.00,198.00,Solaris Fitness Equipment s.r.o.,SYNTHETIC TEST DATA — generated order record for Luo Claims Resolution & Recovery Hub testing (TEST-ORD-2026-0045).
TEST-ORD-2026-0046,2026-06-02,Nikola Hujová,nikola.hujova@example.com,SKU-1001,Ceramic Coffee Grinder,1,39.90,39.90,Nordic Homeware Trading s.r.o.,SYNTHETIC TEST DATA — generated order record for Luo Claims Resolution & Recovery Hub testing (TEST-ORD-2026-0046).
TEST-ORD-2026-0047,2026-06-05,Filip Buranský,filip.buransky@example.com,SKU-1002,Wool Blend Throw Blanket,1,29.50,29.50,Carpathia Textiles Ltd.,SYNTHETIC TEST DATA — generated order record for Luo Claims Resolution & Recovery Hub testing (TEST-ORD-2026-0047).
TEST-ORD-2026-0048,2026-06-09,Barbora Matiová,barbora.matiova@example.com,SKU-1003,Bluetooth Desk Speaker,2,54.00,108.00,BlueRiver Electronics a.s.,SYNTHETIC TEST DATA — generated order record for Luo Claims Resolution & Recovery Hub testing (TEST-ORD-2026-0048).
TEST-ORD-2026-0049,2026-06-12,Ondrej Slezák,ondrej.slezak@example.com,SKU-1004,Stainless Steel Kettle,1,44.90,44.90,Panonia Kitchen Supplies s.r.o.,SYNTHETIC TEST DATA — generated order record for Luo Claims Resolution & Recovery Hub testing (TEST-ORD-2026-0049).
TEST-ORD-2026-0050,2026-06-15,Diana Repáková,diana.repakova@example.com,SKU-1005,Foldable Camping Chair,1,32.00,32.00,Tatra Outdoor Gear Ltd.,SYNTHETIC TEST DATA — generated order record for Luo Claims Resolution & Recovery Hub testing (TEST-ORD-2026-0050).
TEST-ORD-2026-0051,2026-06-19,Martin Ambróz,martin.ambroz@example.com,SKU-1006,Oak Bookshelf Unit,2,129.00,258.00,Vistula Furniture Group,SYNTHETIC TEST DATA — generated order record for Luo Claims Resolution & Recovery Hub testing (TEST-ORD-2026-0051).
TEST-ORD-2026-0052,2026-06-22,Eva Országhová,eva.orszaghova@example.com,SKU-1007,Adjustable Dumbbell Set,1,89.00,89.00,Solaris Fitness Equipment s.r.o.,SYNTHETIC TEST DATA — generated order record for Luo Claims Resolution & Recovery Hub testing (TEST-ORD-2026-0052).
TEST-ORD-2026-0053,2026-06-25,Rastislav Dobiš,rastislav.dobis@example.com,SKU-1008,Ergonomic Office Chair,1,159.00,159.00,Danube Office Systems a.s.,SYNTHETIC TEST DATA — generated order record for Luo Claims Resolution & Recovery Hub testing (TEST-ORD-2026-0053).
TEST-ORD-2026-0054,2026-06-28,Alžbeta Vachová,alzbeta.vachova@example.com,SKU-1009,Non-Stick Frying Pan,2,24.90,49.80,Nordic Homeware Trading s.r.o.,SYNTHETIC TEST DATA — generated order record for Luo Claims Resolution & Recovery Hub testing (TEST-ORD-2026-0054).
TEST-ORD-2026-0055,2026-07-02,Jakub Ševčík,jakub.sevcik@example.com,SKU-1010,LED Desk Lamp,1,27.50,27.50,Carpathia Textiles Ltd.,SYNTHETIC TEST DATA — generated order record for Luo Claims Resolution & Recovery Hub testing (TEST-ORD-2026-0055).
TEST-ORD-2026-0056,2026-07-05,Monika Palenčárová,monika.palencarova@example.com,SKU-1011,Insulated Travel Mug,1,18.90,18.90,BlueRiver Electronics a.s.,SYNTHETIC TEST DATA — generated order record for Luo Claims Resolution & Recovery Hub testing (TEST-ORD-2026-0056).
TEST-ORD-2026-0057,2026-07-08,Stanislav Mrva,stanislav.mrva@example.com,SKU-1012,Cotton Bath Towel Set,2,22.00,44.00,Panonia Kitchen Supplies s.r.o.,SYNTHETIC TEST DATA — generated order record for Luo Claims Resolution & Recovery Hub testing (TEST-ORD-2026-0057).
TEST-ORD-2026-0058,2026-07-12,Terézia Kubalová,terezia.kubalova@example.com,SKU-1013,Wireless Charging Pad,1,19.90,19.90,Tatra Outdoor Gear Ltd.,SYNTHETIC TEST DATA — generated order record for Luo Claims Resolution & Recovery Hub testing (TEST-ORD-2026-0058).
TEST-ORD-2026-0059,2026-07-15,Vladimír Hatiar,vladimir.hatiar@example.com,SKU-1014,Cast Iron Skillet,1,34.90,34.90,Vistula Furniture Group,SYNTHETIC TEST DATA — generated order record for Luo Claims Resolution & Recovery Hub testing (TEST-ORD-2026-0059).
TEST-ORD-2026-0060,2026-07-18,Silvia Krajčiová,silvia.krajciova@example.com,SKU-1015,Standing Desk Converter,2,99.00,198.00,Solaris Fitness Equipment s.r.o.,SYNTHETIC TEST DATA — generated order record for Luo Claims Resolution & Recovery Hub testing (TEST-ORD-2026-0060).
