proposal_number,case_number,recommendation,rationale,needs_human_approval,generated_at
TEST-RP-2026-0001,TEST-CASE-2026-0001,Escalate for Manual Review,SYNTHETIC TEST DATA — recommendation based on the case requires manual review beyond automated resolution rules (case TEST-CASE-2026-0001).,true,2026-01-09T16:00:00Z
TEST-RP-2026-0002,TEST-CASE-2026-0002,File Carrier Claim,"SYNTHETIC TEST DATA — recommendation based on the shipment carrier appears responsible for the reported issue, warranting a carrier claim (case TEST-CASE-2026-0002).",true,2026-01-18T17:00:00Z
TEST-RP-2026-0003,TEST-CASE-2026-0003,Request Missing Evidence,SYNTHETIC TEST DATA — recommendation based on required evidence attachments are missing or unverified for this case (case TEST-CASE-2026-0003).,true,2026-01-25T18:00:00Z
TEST-RP-2026-0004,TEST-CASE-2026-0004,File Carrier Claim,"SYNTHETIC TEST DATA — recommendation based on the shipment carrier appears responsible for the reported issue, warranting a carrier claim (case TEST-CASE-2026-0004).",true,2026-02-17T19:00:00Z
TEST-RP-2026-0005,TEST-CASE-2026-0005,Approve Standard Return,SYNTHETIC TEST DATA — recommendation based on the case qualifies for the standard return policy (case TEST-CASE-2026-0005).,true,2026-02-21T20:00:00Z
TEST-RP-2026-0006,TEST-CASE-2026-0006,Approve Standard Return,SYNTHETIC TEST DATA — recommendation based on the case qualifies for the standard return policy (case TEST-CASE-2026-0006).,true,2026-02-27T15:00:00Z
TEST-RP-2026-0007,TEST-CASE-2026-0007,Approve Standard Return,SYNTHETIC TEST DATA — recommendation based on the case qualifies for the standard return policy (case TEST-CASE-2026-0007).,true,2026-03-14T16:00:00Z
TEST-RP-2026-0008,TEST-CASE-2026-0008,File Carrier Claim,"SYNTHETIC TEST DATA — recommendation based on the shipment carrier appears responsible for the reported issue, warranting a carrier claim (case TEST-CASE-2026-0008).",true,2026-03-16T17:00:00Z
TEST-RP-2026-0009,TEST-CASE-2026-0009,Arrange Replacement Shipment,SYNTHETIC TEST DATA — recommendation based on a replacement shipment addresses the reported issue without requiring a refund (case TEST-CASE-2026-0009).,true,2026-03-25T18:00:00Z
TEST-RP-2026-0010,TEST-CASE-2026-0010,Request Missing Evidence,SYNTHETIC TEST DATA — recommendation based on required evidence attachments are missing or unverified for this case (case TEST-CASE-2026-0010).,true,2026-03-29T19:00:00Z
TEST-RP-2026-0011,TEST-CASE-2026-0011,Approve Standard Return,SYNTHETIC TEST DATA — recommendation based on the case qualifies for the standard return policy (case TEST-CASE-2026-0011).,true,2026-04-18T20:00:00Z
TEST-RP-2026-0012,TEST-CASE-2026-0012,Approve Standard Return,SYNTHETIC TEST DATA — recommendation based on the case qualifies for the standard return policy (case TEST-CASE-2026-0012).,true,2026-04-22T15:00:00Z
TEST-RP-2026-0013,TEST-CASE-2026-0013,File Carrier Claim,"SYNTHETIC TEST DATA — recommendation based on the shipment carrier appears responsible for the reported issue, warranting a carrier claim (case TEST-CASE-2026-0013).",true,2026-04-24T16:00:00Z
TEST-RP-2026-0014,TEST-CASE-2026-0014,File Carrier Claim,"SYNTHETIC TEST DATA — recommendation based on the shipment carrier appears responsible for the reported issue, warranting a carrier claim (case TEST-CASE-2026-0014).",true,2026-04-24T17:00:00Z
TEST-RP-2026-0015,TEST-CASE-2026-0015,Approve Standard Return,SYNTHETIC TEST DATA — recommendation based on the case qualifies for the standard return policy (case TEST-CASE-2026-0015).,true,2026-05-06T18:00:00Z
TEST-RP-2026-0016,TEST-CASE-2026-0016,Arrange Replacement Shipment,SYNTHETIC TEST DATA — recommendation based on a replacement shipment addresses the reported issue without requiring a refund (case TEST-CASE-2026-0016).,true,2026-05-05T19:00:00Z
TEST-RP-2026-0017,TEST-CASE-2026-0017,File Carrier Claim,"SYNTHETIC TEST DATA — recommendation based on the shipment carrier appears responsible for the reported issue, warranting a carrier claim (case TEST-CASE-2026-0017).",true,2026-05-13T20:00:00Z
TEST-RP-2026-0018,TEST-CASE-2026-0018,Arrange Replacement Shipment,SYNTHETIC TEST DATA — recommendation based on a replacement shipment addresses the reported issue without requiring a refund (case TEST-CASE-2026-0018).,true,2026-05-17T15:00:00Z
TEST-RP-2026-0019,TEST-CASE-2026-0019,Escalate for Manual Review,SYNTHETIC TEST DATA — recommendation based on the case requires manual review beyond automated resolution rules (case TEST-CASE-2026-0019).,true,2026-06-02T16:00:00Z
TEST-RP-2026-0020,TEST-CASE-2026-0020,File Carrier Claim,"SYNTHETIC TEST DATA — recommendation based on the shipment carrier appears responsible for the reported issue, warranting a carrier claim (case TEST-CASE-2026-0020).",true,2026-06-06T17:00:00Z
TEST-RP-2026-0021,TEST-CASE-2026-0021,Arrange Replacement Shipment,SYNTHETIC TEST DATA — recommendation based on a replacement shipment addresses the reported issue without requiring a refund (case TEST-CASE-2026-0021).,true,2026-06-13T18:00:00Z
TEST-RP-2026-0022,TEST-CASE-2026-0022,File Carrier Claim,"SYNTHETIC TEST DATA — recommendation based on the shipment carrier appears responsible for the reported issue, warranting a carrier claim (case TEST-CASE-2026-0022).",true,2026-06-27T19:00:00Z
TEST-RP-2026-0023,TEST-CASE-2026-0023,Escalate for Manual Review,SYNTHETIC TEST DATA — recommendation based on the case requires manual review beyond automated resolution rules (case TEST-CASE-2026-0023).,true,2026-07-06T20:00:00Z
TEST-RP-2026-0024,TEST-CASE-2026-0024,Approve Standard Return,SYNTHETIC TEST DATA — recommendation based on the case qualifies for the standard return policy (case TEST-CASE-2026-0024).,true,2026-07-10T15:00:00Z
TEST-RP-2026-0025,TEST-CASE-2026-0025,Issue Customer Refund,SYNTHETIC TEST DATA — recommendation based on a direct refund is the most efficient resolution given the case evidence (case TEST-CASE-2026-0025).,true,2026-07-12T16:00:00Z
TEST-RP-2026-0026,TEST-CASE-2026-0026,File Carrier Claim,"SYNTHETIC TEST DATA — recommendation based on the shipment carrier appears responsible for the reported issue, warranting a carrier claim (case TEST-CASE-2026-0026).",true,2026-07-12T17:00:00Z
TEST-RP-2026-0027,TEST-CASE-2026-0027,Arrange Replacement Shipment,SYNTHETIC TEST DATA — recommendation based on a replacement shipment addresses the reported issue without requiring a refund (case TEST-CASE-2026-0027).,true,2026-07-24T18:00:00Z
TEST-RP-2026-0028,TEST-CASE-2026-0028,File Carrier Claim,"SYNTHETIC TEST DATA — recommendation based on the shipment carrier appears responsible for the reported issue, warranting a carrier claim (case TEST-CASE-2026-0028).",true,2026-07-21T19:00:00Z
