shipment_number,order_number,carrier,tracking_number,shipment_date,delivery_date,shipment_status,notes
TEST-SHP-2026-0001,TEST-ORD-2026-0001,DPD,TEST-TRACK-2026-000001,2026-01-07,,delayed,SYNTHETIC TEST DATA — generated shipment record for Luo Claims Resolution & Recovery Hub testing (TEST-SHP-2026-0001).
TEST-SHP-2026-0002,TEST-ORD-2026-0002,Packeta,TEST-TRACK-2026-000002,2026-01-11,2026-01-15,delivered,SYNTHETIC TEST DATA — generated shipment record for Luo Claims Resolution & Recovery Hub testing (TEST-SHP-2026-0002).
TEST-SHP-2026-0003,TEST-ORD-2026-0003,GLS,TEST-TRACK-2026-000003,2026-01-12,,in_transit,SYNTHETIC TEST DATA — generated shipment record for Luo Claims Resolution & Recovery Hub testing (TEST-SHP-2026-0003).
TEST-SHP-2026-0004,TEST-ORD-2026-0004,DPD,TEST-TRACK-2026-000004,2026-01-16,2026-01-18,delivered,SYNTHETIC TEST DATA — generated shipment record for Luo Claims Resolution & Recovery Hub testing (TEST-SHP-2026-0004).
TEST-SHP-2026-0005,TEST-ORD-2026-0005,Packeta,TEST-TRACK-2026-000005,2026-01-21,2026-01-24,delivered,SYNTHETIC TEST DATA — generated shipment record for Luo Claims Resolution & Recovery Hub testing (TEST-SHP-2026-0005).
TEST-SHP-2026-0006,TEST-ORD-2026-0006,GLS,TEST-TRACK-2026-000006,2026-01-22,2026-01-26,delivered,SYNTHETIC TEST DATA — generated shipment record for Luo Claims Resolution & Recovery Hub testing (TEST-SHP-2026-0006).
TEST-SHP-2026-0007,TEST-ORD-2026-0007,DPD,TEST-TRACK-2026-000007,2026-01-26,,in_transit,SYNTHETIC TEST DATA — generated shipment record for Luo Claims Resolution & Recovery Hub testing (TEST-SHP-2026-0007).
TEST-SHP-2026-0008,TEST-ORD-2026-0008,Packeta,TEST-TRACK-2026-000008,2026-01-31,,in_transit,SYNTHETIC TEST DATA — generated shipment record for Luo Claims Resolution & Recovery Hub testing (TEST-SHP-2026-0008).
TEST-SHP-2026-0009,TEST-ORD-2026-0009,GLS,TEST-TRACK-2026-000009,2026-02-01,2026-02-04,delivered,SYNTHETIC TEST DATA — generated shipment record for Luo Claims Resolution & Recovery Hub testing (TEST-SHP-2026-0009).
TEST-SHP-2026-0010,TEST-ORD-2026-0010,DPD,TEST-TRACK-2026-000010,2026-02-05,2026-02-09,delivered,SYNTHETIC TEST DATA — generated shipment record for Luo Claims Resolution & Recovery Hub testing (TEST-SHP-2026-0010).
TEST-SHP-2026-0011,TEST-ORD-2026-0011,Packeta,TEST-TRACK-2026-000011,2026-02-10,2026-02-15,delivered,SYNTHETIC TEST DATA — generated shipment record for Luo Claims Resolution & Recovery Hub testing (TEST-SHP-2026-0011).
TEST-SHP-2026-0012,TEST-ORD-2026-0012,GLS,TEST-TRACK-2026-000012,2026-02-11,,delayed,SYNTHETIC TEST DATA — generated shipment record for Luo Claims Resolution & Recovery Hub testing (TEST-SHP-2026-0012).
TEST-SHP-2026-0013,TEST-ORD-2026-0013,DPD,TEST-TRACK-2026-000013,2026-02-15,2026-02-18,delivered,SYNTHETIC TEST DATA — generated shipment record for Luo Claims Resolution & Recovery Hub testing (TEST-SHP-2026-0013).
TEST-SHP-2026-0014,TEST-ORD-2026-0014,Packeta,TEST-TRACK-2026-000014,2026-02-19,,lost,SYNTHETIC TEST DATA — generated shipment record for Luo Claims Resolution & Recovery Hub testing (TEST-SHP-2026-0014).
TEST-SHP-2026-0015,TEST-ORD-2026-0015,GLS,TEST-TRACK-2026-000015,2026-02-21,2026-02-26,delivered,SYNTHETIC TEST DATA — generated shipment record for Luo Claims Resolution & Recovery Hub testing (TEST-SHP-2026-0015).
TEST-SHP-2026-0016,TEST-ORD-2026-0016,DPD,TEST-TRACK-2026-000016,2026-02-25,2026-02-27,returned,SYNTHETIC TEST DATA — generated shipment record for Luo Claims Resolution & Recovery Hub testing (TEST-SHP-2026-0016).
TEST-SHP-2026-0017,TEST-ORD-2026-0017,Packeta,TEST-TRACK-2026-000017,2026-03-01,2026-03-04,delivered,SYNTHETIC TEST DATA — generated shipment record for Luo Claims Resolution & Recovery Hub testing (TEST-SHP-2026-0017).
TEST-SHP-2026-0018,TEST-ORD-2026-0018,GLS,TEST-TRACK-2026-000018,2026-03-03,2026-03-07,delivered,SYNTHETIC TEST DATA — generated shipment record for Luo Claims Resolution & Recovery Hub testing (TEST-SHP-2026-0018).
TEST-SHP-2026-0019,TEST-ORD-2026-0019,DPD,TEST-TRACK-2026-000019,2026-03-07,2026-03-12,returned,SYNTHETIC TEST DATA — generated shipment record for Luo Claims Resolution & Recovery Hub testing (TEST-SHP-2026-0019).
TEST-SHP-2026-0020,TEST-ORD-2026-0020,Packeta,TEST-TRACK-2026-000020,2026-03-11,2026-03-13,delivered,SYNTHETIC TEST DATA — generated shipment record for Luo Claims Resolution & Recovery Hub testing (TEST-SHP-2026-0020).
TEST-SHP-2026-0021,TEST-ORD-2026-0021,GLS,TEST-TRACK-2026-000021,2026-03-13,2026-03-16,delivered,SYNTHETIC TEST DATA — generated shipment record for Luo Claims Resolution & Recovery Hub testing (TEST-SHP-2026-0021).
TEST-SHP-2026-0022,TEST-ORD-2026-0022,DPD,TEST-TRACK-2026-000022,2026-03-17,2026-03-21,delivered,SYNTHETIC TEST DATA — generated shipment record for Luo Claims Resolution & Recovery Hub testing (TEST-SHP-2026-0022).
TEST-SHP-2026-0023,TEST-ORD-2026-0023,Packeta,TEST-TRACK-2026-000023,2026-03-21,,in_transit,SYNTHETIC TEST DATA — generated shipment record for Luo Claims Resolution & Recovery Hub testing (TEST-SHP-2026-0023).
TEST-SHP-2026-0024,TEST-ORD-2026-0024,GLS,TEST-TRACK-2026-000024,2026-03-22,2026-03-24,delivered,SYNTHETIC TEST DATA — generated shipment record for Luo Claims Resolution & Recovery Hub testing (TEST-SHP-2026-0024).
TEST-SHP-2026-0025,TEST-ORD-2026-0025,DPD,TEST-TRACK-2026-000025,2026-03-27,,delayed,SYNTHETIC TEST DATA — generated shipment record for Luo Claims Resolution & Recovery Hub testing (TEST-SHP-2026-0025).
TEST-SHP-2026-0026,TEST-ORD-2026-0026,Packeta,TEST-TRACK-2026-000026,2026-03-31,2026-04-04,delivered,SYNTHETIC TEST DATA — generated shipment record for Luo Claims Resolution & Recovery Hub testing (TEST-SHP-2026-0026).
TEST-SHP-2026-0027,TEST-ORD-2026-0027,GLS,TEST-TRACK-2026-000027,2026-04-01,2026-04-06,delivered,SYNTHETIC TEST DATA — generated shipment record for Luo Claims Resolution & Recovery Hub testing (TEST-SHP-2026-0027).
TEST-SHP-2026-0028,TEST-ORD-2026-0028,DPD,TEST-TRACK-2026-000028,2026-04-06,,lost,SYNTHETIC TEST DATA — generated shipment record for Luo Claims Resolution & Recovery Hub testing (TEST-SHP-2026-0028).
TEST-SHP-2026-0029,TEST-ORD-2026-0029,Packeta,TEST-TRACK-2026-000029,2026-04-10,2026-04-13,delivered,SYNTHETIC TEST DATA — generated shipment record for Luo Claims Resolution & Recovery Hub testing (TEST-SHP-2026-0029).
TEST-SHP-2026-0030,TEST-ORD-2026-0030,GLS,TEST-TRACK-2026-000030,2026-04-11,2026-04-15,returned,SYNTHETIC TEST DATA — generated shipment record for Luo Claims Resolution & Recovery Hub testing (TEST-SHP-2026-0030).
TEST-SHP-2026-0031,TEST-ORD-2026-0031,DPD,TEST-TRACK-2026-000031,2026-04-16,2026-04-21,delivered,SYNTHETIC TEST DATA — generated shipment record for Luo Claims Resolution & Recovery Hub testing (TEST-SHP-2026-0031).
TEST-SHP-2026-0032,TEST-ORD-2026-0032,Packeta,TEST-TRACK-2026-000032,2026-04-20,2026-04-22,delivered,SYNTHETIC TEST DATA — generated shipment record for Luo Claims Resolution & Recovery Hub testing (TEST-SHP-2026-0032).
TEST-SHP-2026-0033,TEST-ORD-2026-0033,GLS,TEST-TRACK-2026-000033,2026-04-21,,delayed,SYNTHETIC TEST DATA — generated shipment record for Luo Claims Resolution & Recovery Hub testing (TEST-SHP-2026-0033).
TEST-SHP-2026-0034,TEST-ORD-2026-0034,DPD,TEST-TRACK-2026-000034,2026-04-25,2026-04-29,delivered,SYNTHETIC TEST DATA — generated shipment record for Luo Claims Resolution & Recovery Hub testing (TEST-SHP-2026-0034).
TEST-SHP-2026-0035,TEST-ORD-2026-0035,Packeta,TEST-TRACK-2026-000035,2026-04-30,2026-05-05,returned,SYNTHETIC TEST DATA — generated shipment record for Luo Claims Resolution & Recovery Hub testing (TEST-SHP-2026-0035).
TEST-SHP-2026-0036,TEST-ORD-2026-0036,GLS,TEST-TRACK-2026-000036,2026-05-01,2026-05-03,delivered,SYNTHETIC TEST DATA — generated shipment record for Luo Claims Resolution & Recovery Hub testing (TEST-SHP-2026-0036).
TEST-SHP-2026-0037,TEST-ORD-2026-0037,DPD,TEST-TRACK-2026-000037,2026-05-05,,delayed,SYNTHETIC TEST DATA — generated shipment record for Luo Claims Resolution & Recovery Hub testing (TEST-SHP-2026-0037).
TEST-SHP-2026-0038,TEST-ORD-2026-0038,Packeta,TEST-TRACK-2026-000038,2026-05-10,,delayed,SYNTHETIC TEST DATA — generated shipment record for Luo Claims Resolution & Recovery Hub testing (TEST-SHP-2026-0038).
TEST-SHP-2026-0039,TEST-ORD-2026-0039,GLS,TEST-TRACK-2026-000039,2026-05-11,2026-05-16,delivered,SYNTHETIC TEST DATA — generated shipment record for Luo Claims Resolution & Recovery Hub testing (TEST-SHP-2026-0039).
TEST-SHP-2026-0040,TEST-ORD-2026-0040,DPD,TEST-TRACK-2026-000040,2026-05-15,,in_transit,SYNTHETIC TEST DATA — generated shipment record for Luo Claims Resolution & Recovery Hub testing (TEST-SHP-2026-0040).
TEST-SHP-2026-0041,TEST-ORD-2026-0041,Packeta,TEST-TRACK-2026-000041,2026-05-20,2026-05-23,delivered,SYNTHETIC TEST DATA — generated shipment record for Luo Claims Resolution & Recovery Hub testing (TEST-SHP-2026-0041).
TEST-SHP-2026-0042,TEST-ORD-2026-0042,GLS,TEST-TRACK-2026-000042,2026-05-21,,lost,SYNTHETIC TEST DATA — generated shipment record for Luo Claims Resolution & Recovery Hub testing (TEST-SHP-2026-0042).
TEST-SHP-2026-0043,TEST-ORD-2026-0043,DPD,TEST-TRACK-2026-000043,2026-05-25,,in_transit,SYNTHETIC TEST DATA — generated shipment record for Luo Claims Resolution & Recovery Hub testing (TEST-SHP-2026-0043).
TEST-SHP-2026-0044,TEST-ORD-2026-0044,Packeta,TEST-TRACK-2026-000044,2026-05-29,2026-05-31,delivered,SYNTHETIC TEST DATA — generated shipment record for Luo Claims Resolution & Recovery Hub testing (TEST-SHP-2026-0044).
TEST-SHP-2026-0045,TEST-ORD-2026-0045,GLS,TEST-TRACK-2026-000045,2026-05-31,2026-06-03,delivered,SYNTHETIC TEST DATA — generated shipment record for Luo Claims Resolution & Recovery Hub testing (TEST-SHP-2026-0045).
TEST-SHP-2026-0046,TEST-ORD-2026-0046,DPD,TEST-TRACK-2026-000046,2026-06-04,,delayed,SYNTHETIC TEST DATA — generated shipment record for Luo Claims Resolution & Recovery Hub testing (TEST-SHP-2026-0046).
TEST-SHP-2026-0047,TEST-ORD-2026-0047,Packeta,TEST-TRACK-2026-000047,2026-06-08,2026-06-13,delivered,SYNTHETIC TEST DATA — generated shipment record for Luo Claims Resolution & Recovery Hub testing (TEST-SHP-2026-0047).
TEST-SHP-2026-0048,TEST-ORD-2026-0048,GLS,TEST-TRACK-2026-000048,2026-06-10,2026-06-12,delivered,SYNTHETIC TEST DATA — generated shipment record for Luo Claims Resolution & Recovery Hub testing (TEST-SHP-2026-0048).
TEST-SHP-2026-0049,TEST-ORD-2026-0049,DPD,TEST-TRACK-2026-000049,2026-06-14,2026-06-17,returned,SYNTHETIC TEST DATA — generated shipment record for Luo Claims Resolution & Recovery Hub testing (TEST-SHP-2026-0049).
TEST-SHP-2026-0050,TEST-ORD-2026-0050,Packeta,TEST-TRACK-2026-000050,2026-06-18,,lost,SYNTHETIC TEST DATA — generated shipment record for Luo Claims Resolution & Recovery Hub testing (TEST-SHP-2026-0050).
TEST-SHP-2026-0051,TEST-ORD-2026-0051,GLS,TEST-TRACK-2026-000051,2026-06-20,2026-06-25,delivered,SYNTHETIC TEST DATA — generated shipment record for Luo Claims Resolution & Recovery Hub testing (TEST-SHP-2026-0051).
TEST-SHP-2026-0052,TEST-ORD-2026-0052,DPD,TEST-TRACK-2026-000052,2026-06-24,,in_transit,SYNTHETIC TEST DATA — generated shipment record for Luo Claims Resolution & Recovery Hub testing (TEST-SHP-2026-0052).
TEST-SHP-2026-0053,TEST-ORD-2026-0053,Packeta,TEST-TRACK-2026-000053,2026-06-28,2026-07-01,delivered,SYNTHETIC TEST DATA — generated shipment record for Luo Claims Resolution & Recovery Hub testing (TEST-SHP-2026-0053).
TEST-SHP-2026-0054,TEST-ORD-2026-0054,GLS,TEST-TRACK-2026-000054,2026-06-29,2026-07-03,delivered,SYNTHETIC TEST DATA — generated shipment record for Luo Claims Resolution & Recovery Hub testing (TEST-SHP-2026-0054).
TEST-SHP-2026-0055,TEST-ORD-2026-0055,DPD,TEST-TRACK-2026-000055,2026-07-04,2026-07-09,delivered,SYNTHETIC TEST DATA — generated shipment record for Luo Claims Resolution & Recovery Hub testing (TEST-SHP-2026-0055).
TEST-SHP-2026-0056,TEST-ORD-2026-0056,Packeta,TEST-TRACK-2026-000056,2026-07-08,2026-07-10,delivered,SYNTHETIC TEST DATA — generated shipment record for Luo Claims Resolution & Recovery Hub testing (TEST-SHP-2026-0056).
TEST-SHP-2026-0057,TEST-ORD-2026-0057,GLS,TEST-TRACK-2026-000057,2026-07-09,,lost,SYNTHETIC TEST DATA — generated shipment record for Luo Claims Resolution & Recovery Hub testing (TEST-SHP-2026-0057).
TEST-SHP-2026-0058,TEST-ORD-2026-0058,DPD,TEST-TRACK-2026-000058,2026-07-14,2026-07-18,delivered,SYNTHETIC TEST DATA — generated shipment record for Luo Claims Resolution & Recovery Hub testing (TEST-SHP-2026-0058).
TEST-SHP-2026-0059,TEST-ORD-2026-0059,Packeta,TEST-TRACK-2026-000059,2026-07-18,2026-07-23,delivered,SYNTHETIC TEST DATA — generated shipment record for Luo Claims Resolution & Recovery Hub testing (TEST-SHP-2026-0059).
TEST-SHP-2026-0060,TEST-ORD-2026-0060,GLS,TEST-TRACK-2026-000060,2026-07-19,,delayed,SYNTHETIC TEST DATA — generated shipment record for Luo Claims Resolution & Recovery Hub testing (TEST-SHP-2026-0060).
