recovery_draft_number,case_number,counterparty_type,counterparty_name,estimated_recoverable_value,currency,status,draft_text,created_at,updated_at
TEST-RD-2026-0001,TEST-CASE-2026-0002,carrier,Packeta,14.75,EUR,approved,SYNTHETIC TEST DATA — draft recovery claim against carrier 'Packeta' for case TEST-CASE-2026-0002; amount is a synthetic test estimate.,2026-01-18T21:00:00Z,2026-01-19T05:00:00Z
TEST-RD-2026-0002,TEST-CASE-2026-0004,carrier,Packeta,9.45,EUR,approved,SYNTHETIC TEST DATA — draft recovery claim against carrier 'Packeta' for case TEST-CASE-2026-0004; amount is a synthetic test estimate.,2026-02-17T23:00:00Z,2026-02-18T07:00:00Z
TEST-RD-2026-0003,TEST-CASE-2026-0005,supplier,Tatra Outdoor Gear Ltd.,9.95,EUR,sent,SYNTHETIC TEST DATA — draft recovery claim against supplier 'Tatra Outdoor Gear Ltd.' for case TEST-CASE-2026-0005; amount is a synthetic test estimate.,2026-02-22T00:00:00Z,2026-02-22T08:00:00Z
TEST-RD-2026-0004,TEST-CASE-2026-0006,supplier,Solaris Fitness Equipment s.r.o.,148.50,EUR,pending_approval,SYNTHETIC TEST DATA — draft recovery claim against supplier 'Solaris Fitness Equipment s.r.o.' for case TEST-CASE-2026-0006; amount is a synthetic test estimate.,2026-02-27T19:00:00Z,2026-02-27T19:00:00Z
TEST-RD-2026-0005,TEST-CASE-2026-0008,carrier,Packeta,24.00,EUR,sent,SYNTHETIC TEST DATA — draft recovery claim against carrier 'Packeta' for case TEST-CASE-2026-0008; amount is a synthetic test estimate.,2026-03-16T21:00:00Z,2026-03-17T05:00:00Z
TEST-RD-2026-0006,TEST-CASE-2026-0009,supplier,Nordic Homeware Trading s.r.o.,37.35,EUR,pending_approval,SYNTHETIC TEST DATA — draft recovery claim against supplier 'Nordic Homeware Trading s.r.o.' for case TEST-CASE-2026-0009; amount is a synthetic test estimate.,2026-03-25T22:00:00Z,2026-03-25T22:00:00Z
TEST-RD-2026-0007,TEST-CASE-2026-0013,carrier,Packeta,14.75,EUR,pending_approval,SYNTHETIC TEST DATA — draft recovery claim against carrier 'Packeta' for case TEST-CASE-2026-0013; amount is a synthetic test estimate.,2026-04-24T20:00:00Z,2026-04-24T20:00:00Z
TEST-RD-2026-0008,TEST-CASE-2026-0014,carrier,GLS,81.00,EUR,sent,SYNTHETIC TEST DATA — draft recovery claim against carrier 'GLS' for case TEST-CASE-2026-0014; amount is a synthetic test estimate.,2026-04-24T21:00:00Z,2026-04-25T05:00:00Z
TEST-RD-2026-0009,TEST-CASE-2026-0016,supplier,Vistula Furniture Group,129.00,EUR,pending_approval,SYNTHETIC TEST DATA — draft recovery claim against supplier 'Vistula Furniture Group' for case TEST-CASE-2026-0016; amount is a synthetic test estimate.,2026-05-05T23:00:00Z,2026-05-05T23:00:00Z
TEST-RD-2026-0010,TEST-CASE-2026-0017,carrier,Packeta,79.50,EUR,approved,SYNTHETIC TEST DATA — draft recovery claim against carrier 'Packeta' for case TEST-CASE-2026-0017; amount is a synthetic test estimate.,2026-05-14T00:00:00Z,2026-05-14T08:00:00Z
TEST-RD-2026-0011,TEST-CASE-2026-0018,supplier,Nordic Homeware Trading s.r.o.,37.35,EUR,sent,SYNTHETIC TEST DATA — draft recovery claim against supplier 'Nordic Homeware Trading s.r.o.' for case TEST-CASE-2026-0018; amount is a synthetic test estimate.,2026-05-17T19:00:00Z,2026-05-18T03:00:00Z
TEST-RD-2026-0012,TEST-CASE-2026-0020,carrier,GLS,99.00,EUR,pending_approval,SYNTHETIC TEST DATA — draft recovery claim against carrier 'GLS' for case TEST-CASE-2026-0020; amount is a synthetic test estimate.,2026-06-06T21:00:00Z,2026-06-06T21:00:00Z
TEST-RD-2026-0013,TEST-CASE-2026-0021,supplier,BlueRiver Electronics a.s.,81.00,EUR,rejected,SYNTHETIC TEST DATA — draft recovery claim against supplier 'BlueRiver Electronics a.s.' for case TEST-CASE-2026-0021; amount is a synthetic test estimate.,2026-06-13T22:00:00Z,2026-06-14T06:00:00Z
TEST-RD-2026-0014,TEST-CASE-2026-0022,carrier,GLS,193.50,EUR,approved,SYNTHETIC TEST DATA — draft recovery claim against carrier 'GLS' for case TEST-CASE-2026-0022; amount is a synthetic test estimate.,2026-06-27T23:00:00Z,2026-06-28T07:00:00Z
TEST-RD-2026-0015,TEST-CASE-2026-0025,supplier,BlueRiver Electronics a.s.,14.17,EUR,rejected,SYNTHETIC TEST DATA — draft recovery claim against supplier 'BlueRiver Electronics a.s.' for case TEST-CASE-2026-0025; amount is a synthetic test estimate.,2026-07-12T20:00:00Z,2026-07-13T04:00:00Z
TEST-RD-2026-0016,TEST-CASE-2026-0026,carrier,GLS,33.00,EUR,approved,SYNTHETIC TEST DATA — draft recovery claim against carrier 'GLS' for case TEST-CASE-2026-0026; amount is a synthetic test estimate.,2026-07-12T21:00:00Z,2026-07-13T05:00:00Z
TEST-RD-2026-0017,TEST-CASE-2026-0027,supplier,Vistula Furniture Group,26.17,EUR,approved,SYNTHETIC TEST DATA — draft recovery claim against supplier 'Vistula Furniture Group' for case TEST-CASE-2026-0027; amount is a synthetic test estimate.,2026-07-24T22:00:00Z,2026-07-25T06:00:00Z
TEST-RD-2026-0018,TEST-CASE-2026-0028,carrier,GLS,198.00,EUR,pending_approval,SYNTHETIC TEST DATA — draft recovery claim against carrier 'GLS' for case TEST-CASE-2026-0028; amount is a synthetic test estimate.,2026-07-21T23:00:00Z,2026-07-21T23:00:00Z
